{"offline_id": "d06f0a4442244cf79798123790ba466d", "project_name": "yolov5", "start_time": 1759109035702, "stop_time": 1759109043067, "tags": [], "workspace": null, "resume_strategy": "create", "customer_error_reported": true, "customer_error_message": "Unexpected error detected in the user script: UnpicklingError('Weights only load failed. This file can still be loaded, to do so you have two options, \\x1b[1mdo those steps only if you trust the source of the checkpoint\\x1b[0m. \\n\\t(1) In PyTorch 2.6, we changed the default value of the `weights_only` argument in `torch.load` from `False` to `True`. Re-running `torch.load` with `weights_only` set to `False` will likely succeed, but it can result in arbitrary code execution. Do it only if you got the file from a trusted source.\\n\\t(2) Alternatively, to load with `weights_only=True` please check the recommended steps in the following error message.\\n\\tWeightsUnpickler error: Unsupported global: GLOBAL models.yolo.DetectionModel was not an allowed global by default. Please use `torch.serialization.add_safe_globals([models.yolo.DetectionModel])` or the `torch.serialization.safe_globals([models.yolo.DetectionModel])` context manager to allowlist this global if you trust this class/function.\\n\\nCheck the documentation of torch.load to learn more about types accepted by default with weights_only https://pytorch.org/docs/stable/generated/torch.load.html.')", "user_provided_experiment_key": false, "comet_start_sourced": false}