{"offline_id": "d4b39b9fa91e44689e3b2536a97d239c", "project_name": "yolov5", "start_time": 1759109185208, "stop_time": 1759109211091, "tags": [], "workspace": null, "resume_strategy": "create", "customer_error_reported": true, "customer_error_message": "Unexpected error detected in the user script: RuntimeError('Sizes of tensors must match except in dimension 1. Expected size 120 but got size 60 for tensor number 1 in the list.')", "user_provided_experiment_key": false, "comet_start_sourced": false}