{"offline_id": "90f185345cef482b95650fb53745788d", "project_name": "yolov5", "start_time": 1757920190531, "stop_time": 1757920206491, "tags": [], "workspace": null, "resume_strategy": "create", "customer_error_reported": true, "customer_error_message": "Unexpected error detected in the user script: OutOfMemoryError('CUDA out of memory. Tried to allocate 364.00 MiB. GPU 0 has a total capacity of 23.56 GiB of which 129.88 MiB is free. Process 2522 has 6.74 GiB memory in use. Including non-PyTorch memory, this process has 16.66 GiB memory in use. Of the allocated memory 16.18 GiB is allocated by PyTorch, and 190.13 MiB is reserved by PyTorch but unallocated. If reserved but unallocated memory is large try setting PYTORCH_CUDA_ALLOC_CONF=expandable_segments:True to avoid fragmentation.  See documentation for Memory Management  (https://pytorch.org/docs/stable/notes/cuda.html#environment-variables)')", "user_provided_experiment_key": false, "comet_start_sourced": false}