{"offline_id": "4e09956ebdc34260909cdbd75c30b50d", "project_name": "yolov5", "start_time": 1759109129596, "stop_time": 1759109167979, "tags": [], "workspace": null, "resume_strategy": "create", "customer_error_reported": true, "customer_error_message": "Unexpected error detected in the user script: OutOfMemoryError('Caught OutOfMemoryError in replica 0 on device 0.\\nOriginal Traceback (most recent call last):\\n  File \"/home/kimgk3793/anaconda3/envs/hrnet/lib/python3.10/site-packages/torch/nn/parallel/parallel_apply.py\", line 99, in _worker\\n    output = module(*input, **kwargs)\\n  File \"/home/kimgk3793/anaconda3/envs/hrnet/lib/python3.10/site-packages/torch/nn/modules/module.py\", line 1773, in _wrapped_call_impl\\n    return self._call_impl(*args, **kwargs)\\n  File \"/home/kimgk3793/anaconda3/envs/hrnet/lib/python3.10/site-packages/torch/nn/modules/module.py\", line 1784, in _call_impl\\n    return forward_call(*args, **kwargs)\\n  File \"/mnt/data/KimJG/SwinT/mediaiOA_swinT_cls-main_original/20250623_Single/WristFX_0730/detection/models/yolo.py\", line 582, in forward\\n    return self._forward_once(x, profile, visualize)  # single-scale inference, train\\n  File \"/mnt/data/KimJG/SwinT/mediaiOA_swinT_cls-main_original/20250623_Single/WristFX_0730/detection/models/yolo.py\", line 481, in _forward_once\\n    x = m(x)  # run\\n  File \"/home/kimgk3793/anaconda3/envs/hrnet/lib/python3.10/site-packages/torch/nn/modules/module.py\", line 1773, in _wrapped_call_impl\\n    return self._call_impl(*args, **kwargs)\\n  File \"/home/kimgk3793/anaconda3/envs/hrnet/lib/python3.10/site-packages/torch/nn/modules/module.py\", line 1784, in _call_impl\\n    return forward_call(*args, **kwargs)\\n  File \"/mnt/data/KimJG/SwinT/mediaiOA_swinT_cls-main_original/20250623_Single/WristFX_0730/detection/models/common.py\", line 648, in forward\\n    res = [F.interpolate(x[self.idx[i]], size=target_size, mode=\\'nearest\\') for i, x in enumerate(xs[:-1])]\\n  File \"/mnt/data/KimJG/SwinT/mediaiOA_swinT_cls-main_original/20250623_Single/WristFX_0730/detection/models/common.py\", line 648, in <listcomp>\\n    res = [F.interpolate(x[self.idx[i]], size=target_size, mode=\\'nearest\\') for i, x in enumerate(xs[:-1])]\\n  File \"/home/kimgk3793/anaconda3/envs/hrnet/lib/python3.10/site-packages/torch/nn/functional.py\", line 4730, in interpolate\\n    return torch._C._nn.upsample_nearest2d(input, output_size, scale_factors)\\ntorch.OutOfMemoryError: CUDA out of memory. Tried to allocate 184.00 MiB. GPU 0 has a total capacity of 23.56 GiB of which 45.19 MiB is free. Including non-PyTorch memory, this process has 23.48 GiB memory in use. Of the allocated memory 22.82 GiB is allocated by PyTorch, and 271.33 MiB is reserved by PyTorch but unallocated. If reserved but unallocated memory is large try setting PYTORCH_CUDA_ALLOC_CONF=expandable_segments:True to avoid fragmentation.  See documentation for Memory Management  (https://pytorch.org/docs/stable/notes/cuda.html#environment-variables)\\n')", "user_provided_experiment_key": false, "comet_start_sourced": false}