{"offline_id": "24836bd44a0f4cecbe68ae2df8e6017b", "project_name": "yolov5", "start_time": 1759109692898, "stop_time": 1759109717412, "tags": [], "workspace": null, "resume_strategy": "create", "customer_error_reported": true, "customer_error_message": "Unexpected error detected in the user script: RuntimeError('Sizes of tensors must match except in dimension 1. Expected size 104 but got size 52 for tensor number 1 in the list.')", "user_provided_experiment_key": false, "comet_start_sourced": false}