{"offline_id": "e3419190b7cc40bb9acbfd603a718c13", "project_name": "yolov5", "start_time": 1757927219293, "stop_time": 1757927236501, "tags": [], "workspace": null, "resume_strategy": "create", "customer_error_reported": true, "customer_error_message": "Unexpected error detected in the user script: RuntimeError('Sizes of tensors must match except in dimension 1. Expected size 80 but got size 40 for tensor number 1 in the list.')", "user_provided_experiment_key": false, "comet_start_sourced": false}