{"offline_id": "79a4c4dd47044912af88107667c90907", "project_name": "yolov5", "start_time": 1758085623147, "stop_time": 1758085641967, "tags": [], "workspace": null, "resume_strategy": "create", "customer_error_reported": true, "customer_error_message": "Unexpected error detected in the user script: RuntimeError('Sizes of tensors must match except in dimension 1. Expected size 80 but got size 40 for tensor number 1 in the list.')", "user_provided_experiment_key": false, "comet_start_sourced": false}