{"offline_id": "dbc648f4eb9c42589b5ca1e315b76f5c", "project_name": "yolov5", "start_time": 1759114230884, "stop_time": 1759114256591, "tags": [], "workspace": null, "resume_strategy": "create", "customer_error_reported": true, "customer_error_message": "Unexpected error detected in the user script: RuntimeError('Sizes of tensors must match except in dimension 1. Expected size 80 but got size 40 for tensor number 1 in the list.')", "user_provided_experiment_key": false, "comet_start_sourced": false}